Average Max Temp,Average Min Temp,Average Humidity,Average Air Pressure,Average Wind Speed
19.557500000000005,13.409833333333333,54.53333333333333,1017.3333333333334,7.152878123407566
